protocol_version,reviewer_slot,condition,presentation_id,item_id,presentation_position,response_status,reference_state,reference_records_json,clause_results_json,criteria_records_json,adverse_or_missing_element,human_decision,human_decision_reason,next_evidence_or_check,started_at_utc,submitted_at_utc,prior_exposure_to_candidates,protocol_deviation,corrections_json
cofounders-a-f-2026-10-05-v0.2,B01,baseline,R-2DADV,P01,1,not_started,,,,,,,,,,,,,
cofounders-a-f-2026-10-05-v0.2,B01,baseline,R-2Z39L,P09,2,not_started,,,,,,,,,,,,,
cofounders-a-f-2026-10-05-v0.2,B01,baseline,R-2LU5B,P06,3,not_started,,,,,,,,,,,,,
cofounders-a-f-2026-10-05-v0.2,B01,baseline,R-28LZ2,P11,4,not_started,,,,,,,,,,,,,
cofounders-a-f-2026-10-05-v0.2,B01,baseline,R-2UDUR,P13,5,not_started,,,,,,,,,,,,,
cofounders-a-f-2026-10-05-v0.2,B01,baseline,R-2G6QG,P07,6,not_started,,,,,,,,,,,,,
cofounders-a-f-2026-10-05-v0.2,B01,baseline,R-23XL7,P04,7,not_started,,,,,,,,,,,,,
cofounders-a-f-2026-10-05-v0.2,B01,baseline,R-2PQFW,P15,8,not_started,,,,,,,,,,,,,
cofounders-a-f-2026-10-05-v0.2,B01,baseline,R-2BHBM,P05,9,not_started,,,,,,,,,,,,,
cofounders-a-f-2026-10-05-v0.2,B01,baseline,R-2XA7C,P10,10,not_started,,,,,,,,,,,,,
cofounders-a-f-2026-10-05-v0.2,B01,baseline,R-2K333,P12,11,not_started,,,,,,,,,,,,,
cofounders-a-f-2026-10-05-v0.2,B01,baseline,R-26TWS,P03,12,not_started,,,,,,,,,,,,,
cofounders-a-f-2026-10-05-v0.2,B01,baseline,R-2SLSH,P14,13,not_started,,,,,,,,,,,,,
cofounders-a-f-2026-10-05-v0.2,B01,baseline,R-2EDN8,P08,14,not_started,,,,,,,,,,,,,
cofounders-a-f-2026-10-05-v0.2,B01,baseline,R-226HX,P02,15,not_started,,,,,,,,,,,,,
cofounders-a-f-2026-10-05-v0.2,B01,baseline,R-2MXDN,P16,16,not_started,,,,,,,,,,,,,
cofounders-a-f-2026-10-05-v0.2,B02,baseline,R-29Q9D,P08,1,not_started,,,,,,,,,,,,,
cofounders-a-f-2026-10-05-v0.2,B02,baseline,R-2VH54,P02,2,not_started,,,,,,,,,,,,,
cofounders-a-f-2026-10-05-v0.2,B02,baseline,R-2H9YT,P11,3,not_started,,,,,,,,,,,,,
cofounders-a-f-2026-10-05-v0.2,B02,baseline,R-252UJ,P16,4,not_started,,,,,,,,,,,,,
cofounders-a-f-2026-10-05-v0.2,B02,baseline,R-2QTQ9,P04,5,not_started,,,,,,,,,,,,,
cofounders-a-f-2026-10-05-v0.2,B02,baseline,R-2CLKY,P06,6,not_started,,,,,,,,,,,,,
cofounders-a-f-2026-10-05-v0.2,B02,baseline,R-2YDFP,P13,7,not_started,,,,,,,,,,,,,
cofounders-a-f-2026-10-05-v0.2,B02,baseline,R-2L6BE,P09,8,not_started,,,,,,,,,,,,,
cofounders-a-f-2026-10-05-v0.2,B02,baseline,R-27X75,P05,9,not_started,,,,,,,,,,,,,
cofounders-a-f-2026-10-05-v0.2,B02,baseline,R-2TQ2U,P12,10,not_started,,,,,,,,,,,,,
cofounders-a-f-2026-10-05-v0.2,B02,baseline,R-2FGWK,P15,11,not_started,,,,,,,,,,,,,
cofounders-a-f-2026-10-05-v0.2,B02,baseline,R-239SA,P03,12,not_started,,,,,,,,,,,,,
cofounders-a-f-2026-10-05-v0.2,B02,baseline,R-2P2MZ,P14,13,not_started,,,,,,,,,,,,,
cofounders-a-f-2026-10-05-v0.2,B02,baseline,R-2ATHQ,P07,14,not_started,,,,,,,,,,,,,
cofounders-a-f-2026-10-05-v0.2,B02,baseline,R-2WLDF,P10,15,not_started,,,,,,,,,,,,,
cofounders-a-f-2026-10-05-v0.2,B02,baseline,R-2JD96,P01,16,not_started,,,,,,,,,,,,,
cofounders-a-f-2026-10-05-v0.2,C01,criteria,R-2664V,P01,1,not_started,,,,,,,,,,,,,
cofounders-a-f-2026-10-05-v0.2,C01,criteria,R-2RWYL,P09,2,not_started,,,,,,,,,,,,,
cofounders-a-f-2026-10-05-v0.2,C01,criteria,R-2DPUB,P06,3,not_started,,,,,,,,,,,,,
cofounders-a-f-2026-10-05-v0.2,C01,criteria,R-2ZGQ2,P11,4,not_started,,,,,,,,,,,,,
cofounders-a-f-2026-10-05-v0.2,C01,criteria,R-2M9KR,P13,5,not_started,,,,,,,,,,,,,
cofounders-a-f-2026-10-05-v0.2,C01,criteria,R-292FG,P07,6,not_started,,,,,,,,,,,,,
cofounders-a-f-2026-10-05-v0.2,C01,criteria,R-2UTB7,P04,7,not_started,,,,,,,,,,,,,
cofounders-a-f-2026-10-05-v0.2,C01,criteria,R-2GL6W,P15,8,not_started,,,,,,,,,,,,,
cofounders-a-f-2026-10-05-v0.2,C01,criteria,R-24D2M,P05,9,not_started,,,,,,,,,,,,,
cofounders-a-f-2026-10-05-v0.2,C01,criteria,R-2Q5WC,P10,10,not_started,,,,,,,,,,,,,
cofounders-a-f-2026-10-05-v0.2,C01,criteria,R-2BWS3,P12,11,not_started,,,,,,,,,,,,,
cofounders-a-f-2026-10-05-v0.2,C01,criteria,R-2XPMS,P03,12,not_started,,,,,,,,,,,,,
cofounders-a-f-2026-10-05-v0.2,C01,criteria,R-2KGHH,P14,13,not_started,,,,,,,,,,,,,
cofounders-a-f-2026-10-05-v0.2,C01,criteria,R-279D8,P08,14,not_started,,,,,,,,,,,,,
cofounders-a-f-2026-10-05-v0.2,C01,criteria,R-2T28X,P02,15,not_started,,,,,,,,,,,,,
cofounders-a-f-2026-10-05-v0.2,C01,criteria,R-2ET4N,P16,16,not_started,,,,,,,,,,,,,
cofounders-a-f-2026-10-05-v0.2,C02,criteria,R-22KYD,P08,1,not_started,,,,,,,,,,,,,
cofounders-a-f-2026-10-05-v0.2,C02,criteria,R-2NCU4,P02,2,not_started,,,,,,,,,,,,,
cofounders-a-f-2026-10-05-v0.2,C02,criteria,R-2A5PT,P11,3,not_started,,,,,,,,,,,,,
cofounders-a-f-2026-10-05-v0.2,C02,criteria,R-2VWKJ,P16,4,not_started,,,,,,,,,,,,,
cofounders-a-f-2026-10-05-v0.2,C02,criteria,R-2HPF9,P04,5,not_started,,,,,,,,,,,,,
cofounders-a-f-2026-10-05-v0.2,C02,criteria,R-25GAY,P06,6,not_started,,,,,,,,,,,,,
cofounders-a-f-2026-10-05-v0.2,C02,criteria,R-2R96P,P13,7,not_started,,,,,,,,,,,,,
cofounders-a-f-2026-10-05-v0.2,C02,criteria,R-2D22E,P09,8,not_started,,,,,,,,,,,,,
cofounders-a-f-2026-10-05-v0.2,C02,criteria,R-2YSW5,P05,9,not_started,,,,,,,,,,,,,
cofounders-a-f-2026-10-05-v0.2,C02,criteria,R-2LKRU,P12,10,not_started,,,,,,,,,,,,,
cofounders-a-f-2026-10-05-v0.2,C02,criteria,R-28CMK,P15,11,not_started,,,,,,,,,,,,,
cofounders-a-f-2026-10-05-v0.2,C02,criteria,R-2U5HA,P03,12,not_started,,,,,,,,,,,,,
cofounders-a-f-2026-10-05-v0.2,C02,criteria,R-2FWCZ,P14,13,not_started,,,,,,,,,,,,,
cofounders-a-f-2026-10-05-v0.2,C02,criteria,R-23P8Q,P07,14,not_started,,,,,,,,,,,,,
cofounders-a-f-2026-10-05-v0.2,C02,criteria,R-2PG4F,P10,15,not_started,,,,,,,,,,,,,
cofounders-a-f-2026-10-05-v0.2,C02,criteria,R-2B8Y6,P01,16,not_started,,,,,,,,,,,,,
